<?xml version="1.0"?>
<addon scheme="3.0">
	<id>history_of_order_status_changes</id>
	<status>active</status>
    <default_language>ru</default_language>
    <queries>
    	<item>
    		ALTER TABLE `?:orders` 
    			ADD `old_status` char(1) NOT NULL default '',
    			ADD `user_change_id` mediumint(8) unsigned NOT NULL default '0',
    			ADD `date_changes` int(11) unsigned NOT NULL default '0'
    	</item>
    	<item for="uninstall">
    		ALTER TABLE  `?:orders` 
    			DROP `old_status`,
    			DROP `user_change_id`,
    			DROP `date_changes`
    	</item>
    </queries>
</addon>